{
    "loss": 1.5805226564407349,
    "accuracy": 0.6982758641242981
}